nose_x,nose_y,leftEye_x,leftEye_y,rightEye_x,rightEye_y,leftEar_x,leftEar_y,rightEar_x,rightEar_y,leftShoulder_x,leftShoulder_y,rightShoulder_x,rightShoulder_y,leftElbow_x,leftElbow_y,rightElbow_x,rightElbow_y,leftWrist_x,leftWrist_y,rightWrist_x,rightWrist_y,leftHip_x,leftHip_y,rightHip_x,rightHip_y,leftKnee_x,leftKnee_y,rightKnee_x,rightKnee_y
0.5065538232708845,0.047440469159502265,0.6033300265618275,0.0028986352912434223,0.46211098881051377,0.0,0.6802154100498504,0.015345328506576194,0.33978102858778886,0.01904463461689769,0.8006632164513993,0.23197056219201123,0.18882389063126037,0.2268539786189073,1.0,0.5273142975894962,0.0,0.4991083678805955,0.9354407054989007,0.45816151483981943,0.0767655803056662,0.4287139167952607,0.6340139347031194,0.7917800855300443,0.25798906103110186,0.7701712072176297,0.22001963550154538,0.993696427778271,0.23022734672393938,1.0
0.5326590355685061,0.04641759143127873,0.6267144517033615,0.0032601852611137817,0.4888442309442474,0.0,0.7030896020292714,0.015250924927964343,0.3691866609441023,0.01947791079374303,0.8216180921463526,0.22837474150859333,0.19965018335761472,0.21768485790582132,1.0,0.5140654500404951,0.0,0.48394121625808445,0.952200413215479,0.4561758441801986,0.08817820412836182,0.4209154872902653,0.6565233472254904,0.7723333907244424,0.29416964846383353,0.7458373204907932,0.7056630608225173,1.0,0.27463000835182205,0.9710068175628118
0.5744865795846017,0.04580960261030181,0.6712073322039832,0.003203554706571456,0.528776305365337,0.0,0.7464908976060278,0.01499245224835976,0.4048127610356566,0.01835481310885883,0.8761263507333983,0.22808204137797575,0.22907610485456262,0.21313572291190921,1.0,0.39650175123243003,0.0,0.47413206937039826,0.9663226660407145,0.47010802521061207,0.13540173535701716,0.3974337239029613,0.713902571883555,0.770206954742003,0.31923932392358834,0.7065097955911293,0.745943553546382,1.0,0.31231511026781833,0.9604333764807168
0.5617283700012424,0.04825234995229043,0.6635741053044519,0.0032210927660503374,0.5130891971423192,0.0,0.7345664140737217,0.01512391489969363,0.38153571051175866,0.018212261915398674,0.8964934590262492,0.23238177250855735,0.20166609500833826,0.20953978486481045,1.0,0.43392762851121425,0.0,0.4842767489919708,0.9997949221661183,0.4878907703025791,0.09985921777885633,0.3859374837175091,0.704225218147486,0.7990138333374577,0.30167540934660797,0.7352689083133865,0.28243613907571374,1.0,0.29767755152841563,0.999507554275274
0.5421499359637455,0.047489236759826726,0.6358621887601706,0.0023666002979877386,0.4941703924738677,0.0,0.7032077782638174,0.012415999486163853,0.39150095958429004,0.016938974446350556,0.8738375574744438,0.22596263584584939,0.24222131398951174,0.21105316631538643,1.0,0.44229796787548414,0.0,0.46345518327581636,0.9869146500190317,0.48882639237080433,0.13352000476365256,0.3526239102286116,0.6727668980539976,0.7399332418519343,0.33387172988247804,0.7324284716316781,0.7247822772825204,1.0,0.26495898203464757,0.9789058632510736
0.5642078627134723,0.04740730333776959,0.656802020778371,0.0027760319213038284,0.5170161072148935,0.0,0.7236081836879465,0.016217743761544712,0.41737435761426694,0.016879185573848744,0.8913771940571648,0.22898245077886026,0.27073195267357364,0.21023742268116685,1.0,0.44387585829421417,0.0,0.4669446533435025,0.9844884402852156,0.5076055274136305,0.1534774097583489,0.33787301603494624,0.6986472040397337,0.7534694923963575,0.33498837718201174,0.7276850157537365,0.32163155042998615,0.9817130466930237,0.3285840802173572,1.0
0.5796104937808579,0.042930296649264635,0.6366570208484924,0.00037189399024928967,0.5046614421210293,0.0,0.7099351716197095,0.015256105098224403,0.4166529253583738,0.015680140057888006,0.8739314879995916,0.22658932245042454,0.25408053556604,0.22334327334323403,1.0,0.43917246300911295,0.0,0.4734372506316723,0.9810029182213337,0.5003262109761205,0.16168461160205297,0.32484200191222873,0.6775825931753015,0.7531665039449122,0.3477664017680026,0.724974665160634,0.32664498230193334,0.9937120854849089,0.29808563794327053,1.0
0.554576989504866,0.04257544217979817,0.612907899441003,0.0012722823288851613,0.4805860347697563,0.0,0.6871012729870949,0.015762742882343663,0.3962166861059604,0.016142312533659418,0.849854439820012,0.22114531061327783,0.2438865245565705,0.22122465200488725,1.0,0.5010756235993404,0.0,0.4599255335213719,0.9717432929225337,0.4685192420635627,0.1396153000269962,0.31415820559599766,0.7141508676804285,0.6979702622715657,0.3234392019153699,0.6982830723514042,0.7248933444653255,1.0,0.2854455454832567,0.9680758006938819
0.5184815043048336,0.04415749963178243,0.5755929840380373,0.0012925296172895102,0.44537671939133255,0.0,0.6469907818613427,0.015463068079574404,0.3628991256387418,0.016587141834495004,0.7979394868992824,0.23215027113032566,0.23522527124964113,0.2266796502214241,1.0,0.515498680387132,0.0,0.47727821523139097,0.9389010923492268,0.4610176943252606,0.08943162638708008,0.33163699249350725,0.6354529988455377,0.7377184728379883,0.3239480692056671,0.7432068229993372,0.26868191193988467,0.9927267559503246,0.24667750072587788,1.0
0.4982834329147267,0.042206117291668434,0.5555207985726872,0.0008969947792538089,0.42110517147682797,0.0,0.6269661975388326,0.014530270738805891,0.334708162495143,0.016008229520457287,0.7830498904311025,0.23543919387333867,0.18456084505256143,0.21733252757258242,1.0,0.5101604693158528,0.0,0.4742008923505314,0.9500740147898755,0.43459725887077705,0.05061807703762743,0.3438454095548577,0.6165618207332353,0.7363882740538136,0.29039635022842714,0.7260911431461361,0.6753092336971491,1.0,0.2156928445828675,0.9715510052753078
0.5240777512096384,0.041715230238581896,0.5760653819978931,0.0004871202346779652,0.4490154573303739,0.0,0.6446631199014335,0.014583192575916098,0.36965558067579146,0.016671444272119928,0.7725597690979519,0.22570036364837145,0.23421073946378881,0.21868722264452464,1.0,0.5117597526695753,0.0,0.49003307138513774,0.9134404243764609,0.4049916219012821,0.08190204276900337,0.383704646873947,0.6508235165658233,0.7067866401423571,0.27327394074004246,0.7531604430344684,0.6865182506047569,1.0,0.27514851054091827,0.9638527349012279
0.48893725974961055,0.049413270226184414,0.546507678888622,0.0,0.4108476781899959,0.0005336758883039099,0.6190263971083146,0.014384750248837336,0.3216531781480263,0.017182603605545722,0.7369131477734431,0.22239655918249399,0.1454199080212153,0.2253318987902378,1.0,0.5105802351645015,0.0,0.4942603835866404,0.9311582434460816,0.3791449001604558,0.06931077432247633,0.4175269765162782,0.6105901250800942,0.7644969704814955,0.2228907364819809,0.7585904394581522,0.6478667147015381,1.0,0.21704438515972727,0.9729744726708321
0.47573807810329943,0.05020410773212189,0.5364965912536744,0.0,0.3979782945182759,0.00043755759431072524,0.6123314319859372,0.012115725360984318,0.30608313189509456,0.016985993008268658,0.7313731673531138,0.2266784182820294,0.146759700788354,0.22465519537014414,1.0,0.5211234824790115,0.0,0.5021696844309275,0.9392059873789818,0.3912805708317637,0.04525661706412783,0.4411542197443194,0.6200821143144601,0.7905236546010536,0.21708574642047887,0.775106524388708,0.19116082312431254,1.0,0.20809162604687573,0.9969384532213093
0.47623370955121047,0.05042962694403814,0.538267340499738,0.0003355407428502664,0.3985987407948671,0.0,0.6154257283293978,0.010160743929716267,0.30545167277872265,0.016569383518631436,0.7386714391813081,0.23077653580059965,0.14506849486562706,0.2264690890648498,1.0,0.5241914669032519,0.0,0.49551158092608694,0.955942265441452,0.3904407332372327,0.03928946427660019,0.45236572310139495,0.5966849912425312,0.7490339405368998,0.21811474044262102,0.7764769464538768,0.19223684552646841,1.0,0.20617410911520412,0.9959850489390806
0.4954068790670442,0.0501790804563018,0.5556850884463166,0.00014279955235987172,0.41916465864464747,0.0,0.629780943624559,0.01229121701493965,0.3267037665647396,0.016770447098770125,0.7517726077897201,0.23012110422631213,0.1534724569022571,0.22653627801966275,1.0,0.5252785991810421,0.0,0.4969628540341747,0.9608955411108029,0.4031059693041698,0.07730869040883935,0.4413242768446518,0.6404745917301589,0.7113954763852972,0.24793245578208611,0.775909923517791,0.21883181680210448,1.0,0.23328045035072464,0.9960629589331894
0.5236146441601639,0.05040796923699403,0.5810124653130443,0.0,0.4478754143767905,0.00022588256199978515,0.6480817205752846,0.015427431044720349,0.36356307272472504,0.019022540602355725,0.7716305963241289,0.23396773812475663,0.21265218534213381,0.2261181590429238,1.0,0.5242612067534405,0.0,0.5026122211846501,0.9434653508893055,0.43813495546425363,0.0685775305240096,0.4257668900867423,0.637695016636442,0.7530592264912619,0.26117413491013863,0.7717310715423378,0.2576942392804137,1.0,0.2688416270061666,0.9972695906011476
0.5371086264979668,0.04196796917025462,0.5954178189154908,0.0012196633984685266,0.4614148631982503,0.0,0.6671125791396973,0.014253221448070934,0.3776706131199703,0.01676209782104537,0.8141144469729413,0.22336323008164338,0.20417650375926208,0.21390080442967968,1.0,0.5026652816695539,0.0,0.4831853337494031,0.9612580954738776,0.44131210150164796,0.11157153239180044,0.377975079260246,0.6610502369251413,0.7382411789714799,0.2666697297652178,0.743027533127996,0.6988620104872058,1.0,0.28442695458963313,0.9628571680831796
0.4883130063372243,0.044146520676663414,0.5505498708252355,0.0012877704282947672,0.4132260246708138,0.0,0.6262458658248256,0.013644522570333297,0.32760929228609137,0.015646599444425844,0.7790896084640878,0.22868823126863747,0.1896644578172196,0.22085596986099904,1.0,0.4943729283617127,0.0,0.49017723781114303,0.9083650910905819,0.4902924954314976,0.03338357479493119,0.358518027471802,0.6238304479509044,0.7633177775624114,0.23636880932226642,0.7709843945879584,0.22886947730169024,0.9953798527107155,0.19420372415502338,1.0
0.5197442396045314,0.04430258554003436,0.579051170933084,0.0014794766480126073,0.4497339581625943,0.0,0.6521463863920723,0.015372375157310464,0.3714404568923569,0.014251496066496108,0.8017827851836519,0.22651162968589228,0.25478560405577416,0.21953085612633283,1.0,0.5157939680736225,0.0,0.48157753556180843,0.9232861221393582,0.5021050053490919,0.09827963355865857,0.3226249318853083,0.6612769326242629,0.7667511750874839,0.2941281654144808,0.7739610937423709,0.2876272493913571,0.9893010904297054,0.2541719467868187,1.0
0.513431277238622,0.044488757170497904,0.5721807620409944,0.0013763947998517952,0.44591892751307444,0.0,0.6404462158867473,0.013565867598993777,0.3717857917262604,0.01385004076277299,0.7854508771294109,0.2255403878280698,0.26762605653057436,0.22457705393186522,1.0,0.4969192506018742,0.0,0.4758893191199263,0.8972513298251127,0.49638638052694534,0.13972091838978914,0.31483243965300867,0.6492431851004555,0.7617729969570035,0.3049965110923236,0.7694539687940267,0.29338874763813255,0.9910126081763823,0.2606839925505377,1.0
0.5252564048293005,0.04450605870336602,0.5862430552449475,0.0016884411524783515,0.4559595103608238,0.0,0.6569680373539166,0.013087277832681382,0.3802174519018805,0.013431663697363544,0.8197602442125711,0.22684965259237297,0.262121273234379,0.21925823645477568,1.0,0.5203889010921002,0.0,0.48171917647276546,0.9607180054056471,0.4670674587616098,0.13080939343015785,0.32222821232484344,0.6716394813517952,0.7700751381750446,0.31089769445314147,0.7741262564423497,0.2975522034721379,0.9923207542855497,0.27711309847095594,1.0
0.5225237372336613,0.04438548840242988,0.5839049594468239,0.0015992862785132779,0.4538751095704738,0.0,0.6555485549771568,0.014638696748310111,0.3758640261234574,0.012937650878725535,0.7812392993198373,0.22661050087090545,0.2875880743012315,0.21833587458314296,1.0,0.5239881378187097,0.0,0.4901335132089215,0.9482289429327332,0.445252796654216,0.108243202688435,0.3460407619608828,0.6647918467890649,0.7551166029215647,0.30723565833154265,0.7723520918631643,0.28959739444083116,0.9914826219166698,0.2684654504822298,1.0
0.4943039025963211,0.044592651598272956,0.5579098115968987,0.0012130822483476184,0.4202113099488006,0.0,0.6313756015378011,0.014104942444074477,0.3356634956120633,0.013347150811196614,0.7624425157193263,0.23974061922937676,0.18051610746303068,0.22780959852798127,1.0,0.5268468813446334,0.012852792359977262,0.4972982685496576,0.9314178050528115,0.4311881683093273,0.0,0.40121135287157833,0.6611736772100595,0.7989840723000378,0.25695860114839325,0.7882292516692894,0.22581285198727288,1.0,0.2444318690775778,0.9969939066332986
0.5137876181694472,0.044169522115702804,0.5738902188907299,0.0014469051780924159,0.44195859801586423,0.0,0.643926879093912,0.013402005903527005,0.3568509489644232,0.013612075595318027,0.7819912073902688,0.220598515200881,0.18623735991390672,0.23007523399592164,1.0,0.5142438317603798,0.0,0.5137055002996755,0.9558135272540896,0.3957320227690347,0.024412832571420708,0.43098593182563916,0.6454242462579507,0.7667164922464743,0.28862661901367376,0.7757405688367243,0.2547362054885284,1.0,0.26601435753206804,0.9966932978876037
0.5263466346107744,0.0426414358634212,0.5888324777979843,0.0008086271696453555,0.4440666600018275,0.0,0.6632714932520708,0.01257627972388951,0.34794715054427744,0.01433296306754913,0.7906776829771153,0.22302571207938351,0.18423470874083372,0.2213317495856192,0.0,0.4574929560461442,0.008652203083895284,0.4714320266258333,1.0,0.3764534550931896,0.02740075571340026,0.4342775827772986,0.6565820375383289,0.7552314947474756,0.2832201357797481,0.7693515677090307,0.2268319590868525,1.0,0.2420997682333411,0.9969388894940493
0.4649087812573977,0.04464976917456186,0.5570166394316014,0.0011935051858131917,0.4198443028720409,0.0,0.6298471927328101,0.011549086541360573,0.328754114654834,0.015375624505627421,0.7262227429429652,0.2282338617282024,0.15982058824605314,0.22081528023609281,1.0,0.5141143370707605,0.0,0.4248080371236117,0.9765092467705936,0.3744685494798225,0.007748171366130737,0.4734073000429196,0.6223072167609833,0.7411566057043943,0.2638269386236423,0.7611273734317526,0.21269364810693217,1.0,0.2276790132876112,0.9976550556357586
0.47213048742811686,0.04276647470694596,0.5636802165575789,4.211419068433573e-05,0.4264470333204265,0.0,0.6359674797568965,0.009498936697674085,0.30900510815098303,0.01607501358047668,0.7363765547009536,0.22495581114549892,0.16237389906413158,0.2135433514030208,1.0,0.5019960236645037,0.01258729356778594,0.41731750638853365,0.9839948599763256,0.36838049285805413,0.0,0.46108932241668715,0.6305553285196104,0.7216897746691024,0.2681363238122348,0.7454522208297543,0.686840502216835,1.0,0.22541145487684247,0.9705846416133663
0.5037403891270832,0.0432354740896211,0.5935378646256156,0.0007303840127036951,0.45820930538556454,0.0,0.6622092118732504,0.010482517544029572,0.368667850880133,0.015537949181850658,0.7807409319950316,0.2273917020670011,0.20013238612806897,0.21290738491116049,0.9914442439032868,0.5074508667067121,0.0,0.4299215845649992,1.0,0.386948054691837,0.06803196714324844,0.4499234592955471,0.6565622680294638,0.7248498879937538,0.28140875887642897,0.7597166383091636,0.705906254318738,1.0,0.2580440244389882,0.9651973596411526
0.516947348321731,0.04762524327665172,0.604133525136269,0.0035451791404697815,0.4727412968612343,0.0,0.6665825413942665,0.012414798540069119,0.3845139942692762,0.016552737950373392,0.7906444908957387,0.2277302556273217,0.24273367120406014,0.21907330885301673,1.0,0.5204501884630737,0.0,0.4799213759379687,0.9929910824525694,0.4273397712595629,0.07176849181581277,0.43012651788278594,0.655942775747268,0.7536681330548565,0.3008470803965018,0.7605016503368491,0.7186620939579257,1.0,0.2947611574079855,0.9735329598591447
0.542855651212863,0.04418840459557859,0.6079678675804167,0.003656062113384353,0.4698616433565117,0.0,0.6873995530060377,0.012322130344450876,0.3814317876285363,0.012705712464156612,0.835793319159131,0.22088247489239268,0.22442786830158878,0.2164075042442966,0.9604089797870506,0.49496110354403294,0.0,0.46988532316705217,1.0,0.39301733711239806,0.0214046529757528,0.3948363000017321,0.7011348947962566,0.7293671661808422,0.28859072577121714,0.7479889129622072,0.7325848555189243,1.0,0.27719819777768384,0.9632947776247445
0.5329374268289101,0.04506919222079635,0.6015044199785629,0.0025820078338724974,0.4630749500060081,0.0,0.6824656011977384,0.01088689189527739,0.37839211813326795,0.011661595221319206,0.8586569468647604,0.22329462245582402,0.240587252462483,0.20821832317052036,1.0,0.47874525952356733,0.0,0.45853179869645044,0.9893901305971962,0.4690719339615561,0.06848699403149827,0.3490080102255272,0.696814474405248,0.7350899424912344,0.294441283648606,0.7088198392169248,0.7284732795851309,1.0,0.2895869851802996,0.9688685357902458
0.5355668875113876,0.0462113089608897,0.609546031506062,0.0012568179771955874,0.4627038541816075,0.0,0.6943048479323087,0.009657584870947858,0.3820847671280081,0.009733520473648343,0.8969316672280729,0.22637880000809613,0.2510532402870462,0.21265690159011114,1.0,0.4470770306666769,0.0,0.46995860532540285,0.9644001469577534,0.5133814305346271,0.07282136310167574,0.3210308537241598,0.7253026679391624,0.7510425581364512,0.28962560704031437,0.7633988440758716,0.3006061052612426,0.9933213520724907,0.2782373920322705,1.0
0.5127456399313076,0.045353054101178666,0.5833991384998429,0.001118963346254483,0.43942130124116024,0.0,0.703136616880071,0.009025067509803456,0.3553500186009519,0.007850064329515521,0.8687416442125941,0.2180134792766035,0.23840441202307514,0.22008137104299733,1.0,0.44196622324874363,0.0,0.4578929739319275,0.9612185491926853,0.4879677578317379,0.08649392415385189,0.3036313456732064,0.7055183195671417,0.7436479682700707,0.29671022505757383,0.744953959089772,0.7471127251147431,1.0,0.2703399316979741,0.9795490725202243
0.4958350113711741,0.04458443357203909,0.6037445376451466,0.002865692299935008,0.421376827770448,0.0,0.6973137879130251,0.004984456785269311,0.3351064726399347,0.008540076731414077,0.8476750140317372,0.21013069945621518,0.22464321574616045,0.21311340926922764,1.0,0.5010772270736394,0.0,0.4558930821447992,0.9304549745241965,0.4278737890692052,0.057415659236527715,0.30433074884548833,0.7017524637543827,0.730447861766573,0.28852269952401416,0.7408673946940917,0.7339628177186217,1.0,0.25862826556793905,0.9705334408462881
0.5058894831713714,0.04682782242737262,0.6069676632316608,0.004330626427637925,0.4675030268404858,0.0,0.6944498553516126,0.007277487845323975,0.3530742652134955,0.009687803494546362,0.8103248310564894,0.2094194732198948,0.25579146631171606,0.20858665624092265,1.0,0.51158992697561,0.0,0.46590168698592715,0.9782436565851844,0.4229553972861383,0.06719483355911665,0.32373238978381663,0.7101616908563895,0.7388401390673723,0.3109890146653511,0.7486889910116492,0.7407568725385844,1.0,0.2810873164295035,0.9803983840716116
0.49956985395055975,0.04569068431145682,0.6000968707221022,0.0040764716428380275,0.45958490852979944,0.0,0.6835049480107955,0.008194280573891098,0.3467232754061466,0.009758212513610864,0.797134752328955,0.221636987092425,0.23097479678554478,0.2136759533238609,1.0,0.505387345357994,0.0,0.47439172683840986,0.9732223168162504,0.4085463523530578,0.07153289397874343,0.35644139450185214,0.6702751081648515,0.7624765406127019,0.31887017384971866,0.7246175715750112,0.7197432883265029,1.0,0.2768665558943854,0.9681509664979102
0.46908860693223814,0.04579593585930885,0.5692321348955977,0.003996901063810937,0.43085874433403354,0.0,0.6520850714029979,0.007263254432873077,0.3195114222842203,0.01002192843207396,0.7665483583052427,0.2141626860763675,0.17461815946444365,0.22083177044567995,0.9785940888180338,0.48937498240728555,0.0,0.48937454599886576,1.0,0.3774700443805542,0.032883398465207096,0.4068535323879418,0.6564160313916491,0.709802802309386,0.26503887646673385,0.7488937592068539,0.6730867230617497,1.0,0.24331240753750863,0.9668261957645252
0.4737674854529321,0.0443673290618194,0.5718133272204209,0.002501873384116758,0.4037014347016614,0.0,0.6559804541882613,0.00496058681679287,0.32104875498753593,0.008166451857826742,0.7675946775368234,0.2146075185956633,0.19077774262665195,0.2132248036717669,1.0,0.4916510817403239,0.06643890569845803,0.4762479887132324,0.0,0.4074520720850463,0.03267644901822613,0.3964142448098507,0.6564785733680597,0.713934630730282,0.2652249371297677,0.7538580262205514,0.676252879173268,1.0,0.23437929549812767,0.9737499413707293
0.46383172672284506,0.04442413127503406,0.5632021435202571,0.003186367888858659,0.3925432028914112,0.0,0.6485033240497315,0.005986412671970025,0.3050996943944495,0.008685365357842634,0.7602226113422527,0.22260556834527223,0.15211146392049804,0.21317943861013902,1.0,0.4911267546355884,0.07135886892887403,0.4635893773799623,0.9856892708551805,0.34778943905301873,0.0,0.4702491872057841,0.6450655190335516,0.7114764975315647,0.2470203323345196,0.7480466943709445,0.6744226201218411,1.0,0.20116963628116152,0.9754753597984648
0.46310756012163,0.04519157920897956,0.5279265041028608,0.0010324675727777545,0.38918275078255604,0.0,0.6376183259607409,0.00865165415379767,0.2981776287882527,0.008495553451017662,0.7519759694850184,0.22152813001686036,0.13635736586353547,0.2147900073356069,1.0,0.4902494331564045,0.021475508530813057,0.41652891917279755,0.9817513357888978,0.3473792469183502,0.0,0.47634106105517926,0.6559075510641298,0.7356323764998426,0.23668302915778547,0.7454484545481065,0.6693179273757773,1.0,0.1874103387186255,0.9730753069014529
0.4747105932874823,0.0446495785597478,0.5408274604381098,0.0013455912339943726,0.4010913875830761,0.0,0.6499486857950791,0.007840053894030067,0.3075980861075183,0.008000774847649099,0.7618280979097303,0.22126222198175471,0.1439975722928215,0.2163393661150193,1.0,0.4924899656624603,0.0,0.4237067310518215,0.9988172425873386,0.3497020174136176,0.031019979955095714,0.4791543603517738,0.6512237393064162,0.7246698855945033,0.24895334349509327,0.7439433136151872,0.6682004874160278,1.0,0.21717492558695967,0.9730686006846393
0.483550526823691,0.04407463063844204,0.5488970530390045,0.0007631720405390111,0.4101180829806315,0.0,0.6563750517907811,0.007072238932918018,0.3170933178092105,0.007314140409009769,0.7711937927984155,0.21575728651458326,0.15546150174908618,0.21500887027137947,0.9741529038675694,0.49335727589921863,0.0,0.4264169956392765,1.0,0.39382066850038644,0.03796089424541046,0.47823401516312336,0.6475349992045636,0.7446330880145322,0.26546763360273273,0.7286374733494059,0.6663371287016204,1.0,0.24397402244354588,0.9764494170992052
0.47084499023508647,0.04442232344733161,0.5352798697086483,0.0008031151406720428,0.3986640887063485,0.0,0.6487956895624695,0.007138142723324437,0.3065309147105041,0.007590008700735588,0.7424402137527448,0.21640959346313782,0.13644797365034325,0.2147601944335856,0.9644020768219457,0.5098648997361717,0.0,0.4205552101963811,1.0,0.41228307462820774,0.040918001609562965,0.4676878198219148,0.6212923030626794,0.7414943989651849,0.2539623348376734,0.7231865493899133,0.6556500995570234,1.0,0.23833608820682894,0.9783905957405789
0.4920263845123832,0.045052419162347916,0.6026314998842422,0.0036392932224598553,0.4163606598131027,0.0,0.6886675844810431,0.007336581382505014,0.3178028301436633,0.007542224999621535,0.8003885689105992,0.21583786300963667,0.12706627527008663,0.21602415649939452,1.0,0.4980380689637431,0.0,0.4183908933088868,0.9653424337161878,0.45370182629163347,0.015107884426080362,0.4645838056510911,0.6653740682681879,0.747636415209821,0.2599726305160909,0.7328188749902486,0.6985643097452681,1.0,0.2408217678707238,0.9826159342920683
0.48554469679626383,0.044867049422877246,0.5977552852925162,0.003386638461645276,0.4101676418989688,0.0,0.6845970627972106,0.007376255766715272,0.311583933042879,0.007396419957743108,0.8456017280175363,0.21379963808475572,0.12236375907867536,0.21691104229204058,1.0,0.4652581140217975,0.0,0.4031046234765642,0.9409726859831063,0.46610267378007414,0.031443798507081976,0.4544616777046376,0.658151562131174,0.7569042954927861,0.2624478825023989,0.7329692616793846,0.6968119215180172,1.0,0.2359490040294312,0.9849713642065362
0.46676065954507084,0.04267834589409878,0.5782784567736208,0.002223228767903623,0.3877617997758638,0.0,0.67427276686068,0.005042310308596247,0.2899143091877775,0.0070168495138012415,0.8634384238716333,0.21577104326060553,0.10134955820333251,0.21593903260341485,1.0,0.4512819693644248,0.006232292333084175,0.405529789468768,0.9350239507115323,0.48314418798262154,0.0,0.44888117242829784,0.6541567106223275,0.7500887771629949,0.23486029606901399,0.7450782209374907,0.6880176063755177,1.0,0.20538217769907982,0.9788072086696453
0.4639106718370274,0.04189772903553877,0.5709812002117217,0.0016461706211088856,0.38669461323791937,0.0,0.6625185920505703,0.005374660693794725,0.2924050524845999,0.0057441663413844695,0.8411555908003499,0.21661532154775717,0.10704669545272591,0.21908526351218538,1.0,0.4701391498457966,0.0,0.4089885412927321,0.8868574122521612,0.5169681944009645,0.018556834760304924,0.45896381611185744,0.663852998537299,0.7266692017210742,0.23343718637771846,0.7516594992576845,0.6770363986818615,1.0,0.20650373169015016,0.9881545382607474
0.5186396322965977,0.04006218364214884,0.6179992394975005,0.002233181946475896,0.4476142894603848,0.0,0.7071891224182738,0.0038433238240566147,0.3595662695400115,0.006204414107845885,0.8704718709470741,0.21356113479100944,0.18078395650316148,0.21451983717701306,1.0,0.46438417030601287,0.0,0.44398889194299784,0.9418874482922637,0.5099178188932763,0.06404815391789681,0.457675860582242,0.7009359416409726,0.70744456753018,0.2974906967116918,0.7435386806654374,0.26187652882521884,1.0,0.2769391593563326,0.9792698636004016
0.510687050188123,0.04099712849722482,0.621849157430077,0.0019122118326699233,0.43059182836352194,0.0,0.7142335036450013,0.006012133308561566,0.33841634179049507,0.008394866694693083,0.8768074817421164,0.21651465839453704,0.14838144537328055,0.2138862468316291,0.9897155456012807,0.458641183267547,0.0,0.42307648549690674,1.0,0.5223711371091462,0.030073875580147357,0.4821973031089833,0.7013774574333409,0.6739151835594568,0.26903632495977914,0.7124665179338254,0.6975351334316618,1.0,0.2530636433705474,0.984744364374339
0.5135016619302987,0.04119573327113626,0.6277950003135717,0.0017339355528080455,0.4327983758212813,0.0,0.7273915379895256,0.006429295141414457,0.34016952549830237,0.008636476270834801,0.8926640195472025,0.21577918366367205,0.15547108929908712,0.2133302835100917,1.0,0.4573929132379519,0.00973671039865429,0.4285347940738153,0.9922937589383323,0.5342325487275417,0.0,0.4810934207429394,0.7127060504592291,0.6498987064427554,0.2863868049005733,0.7413887632170326,0.7159986768501658,1.0,0.25347136229096756,0.9828140011194042
0.5242913621180136,0.045054985455859814,0.6406702554442097,0.0059627876555534715,0.4466167784003952,0.0,0.7413094294003085,0.010383572867002894,0.34573841071518163,0.013642479216509776,0.8972228997925201,0.22023596963803163,0.17195750494916856,0.22005107144701283,1.0,0.4593722852372674,0.0,0.43639941479199296,0.9728225619578373,0.5602421521885059,0.027594065953468496,0.5017574829170898,0.7283881119346962,0.6818433639133205,0.2919714954787903,0.7495088314773061,0.728373294624043,1.0,0.25468777996468,0.9895696931100363
0.5262333154155199,0.046764127648144825,0.6442128106578471,0.006953637720368539,0.4489489097470615,0.0,0.7421502550446474,0.013343813438647134,0.34510957994240893,0.016250251842729543,0.9000878068633762,0.22210982752775554,0.16300634010774923,0.22416236640506557,1.0,0.463962089402821,0.0003913770137395693,0.4398651828513009,0.9985271832135365,0.5817917513982429,0.0,0.5242855616513753,0.7121266537490182,0.7074228436953159,0.30558237536740795,0.7148841006279371,0.71940779023891,1.0,0.25693957166390446,0.9953115163897761
0.5215903879803746,0.044537801735269715,0.5998234452505246,0.003252724065740266,0.4340512626377545,0.0,0.7371402081250689,0.011679799328530846,0.3375451263537907,0.01417462044409277,0.8856059746067211,0.22235244987334402,0.1566972784914259,0.22245306034980128,1.0,0.4624644896120095,0.0,0.43946908879108065,0.9745267077502558,0.5932657468308523,0.011723850468804007,0.530967256262741,0.7089224534334035,0.7402681480748835,0.3111194236228804,0.7070533933369598,0.7340416860240951,1.0,0.2471162640904992,0.9954952222387066
0.5221129947721997,0.04554999720969884,0.5978635529507362,0.0030473221063485,0.4355341810014301,0.0,0.7342751171686545,0.013132330533992207,0.3394040787278402,0.014898559569879836,0.8817170904636226,0.22365149938089932,0.15295736329540588,0.2226139085151061,1.0,0.46300015323987764,0.018836253699037863,0.44389498454975485,0.9290803537228512,0.5983890826162973,0.0,0.5416049839752084,0.688004966422739,0.7195207408402079,0.30283160775448414,0.6950210448607612,0.7311404399206026,1.0,0.2464285599475959,0.9920751600246646
0.51287423894718,0.046265748337624715,0.5902484338444711,0.001321781215270759,0.422331135189486,0.0,0.7249816082300756,0.014259108999049246,0.32319152615672364,0.016073385829211115,0.876951968553148,0.22503954164920956,0.13276661665979353,0.22389255504066283,1.0,0.4649947432527056,0.007420335587365741,0.44793095536129174,0.9960756694265408,0.6014247902808046,0.0,0.5572944805169657,0.6754768118120968,0.7123354289826047,0.2916946004875858,0.6836440643470475,0.7124506070225313,1.0,0.22755319306476546,0.993841319126886
0.5148256078988867,0.04538874866275533,0.5897004712813292,0.0011870803959056178,0.4238266523142411,0.0,0.7247764812319775,0.015450876767498335,0.3230967872002776,0.016209427665473397,0.8772064696972597,0.22574804552417668,0.14147382001763142,0.22421470007877065,1.0,0.46516055181824667,0.008084932942180852,0.4505598236126884,0.989717430055375,0.605682050604915,0.0,0.5629646664557928,0.6702120009339833,0.7145992993150384,0.29032020441575945,0.6822691508290856,0.7159445368047295,1.0,0.22614362605853186,0.9923115228016648
0.5087058004878799,0.04534639836479445,0.5840541088845862,0.0013188036664450486,0.4164506117939261,0.0,0.7170185929856956,0.014887997142367718,0.3145369276144955,0.01627530794976198,0.8737587286189629,0.22399456293927383,0.13277486667761618,0.2239221002937951,1.0,0.46348602349943263,0.000208427673892874,0.4490498603432213,0.9895803837114341,0.6090763885935994,0.0,0.569300823920606,0.6684789311939978,0.7190427107687841,0.28389061119805764,0.6943232247118827,0.7039325921421379,1.0,0.2167554388450356,0.9893696914519678
0.5069445779524003,0.04525540527164395,0.5832722007429,0.0030565306156500323,0.4143479285917379,0.0,0.7173988327301022,0.014719593497590942,0.3132287215581678,0.01629640221585546,0.8709003641647332,0.22264198803242746,0.13108071120896825,0.2240166516542184,1.0,0.4636005373200282,0.0,0.4488593384313809,0.9893009534660406,0.6089038290442921,0.009958498981573203,0.5698617329189386,0.6772404124704413,0.6837722814872392,0.23850956046257718,0.7162178613966884,0.7107618571085987,1.0,0.21724629637686943,0.9909074838738157
0.5044887671389059,0.04436909584002,0.5789491632742603,0.002887713640753987,0.4111611955522573,0.0,0.7169174197147427,0.01297426038725066,0.3087834316189592,0.0160672261626735,0.8731285775509726,0.22191276957450323,0.12336423909823557,0.22373340301332229,1.0,0.462836774167621,0.0,0.44778225714455816,0.990327951291863,0.6068657732403443,0.017068538318160287,0.5697521630639286,0.6747257316960199,0.679498915410007,0.2577438740722417,0.7003142911286162,0.7161264520161532,1.0,0.21114740197141316,0.9903670310590706
0.49975056784316263,0.0437174429733715,0.6145254442063889,0.0034754755847737615,0.4054117305926511,0.0,0.7157936111603334,0.012634495010785453,0.30145271195450823,0.01506124211115045,0.8732052128807772,0.2199085875934179,0.11529577782431485,0.22301172107662534,1.0,0.4602227696016113,0.0,0.4463919823337035,0.9929999194548706,0.6037205654720358,0.023231663901283804,0.5643673450096257,0.6603451842067111,0.7039895336120462,0.24734416933808012,0.6971391829162782,0.7097833980379209,1.0,0.2036816212123653,0.9827643325314471
0.5058210720760713,0.04656928268900916,0.621443232781689,0.0054022950162084075,0.42023008915643645,0.0,0.720989931006443,0.01696932535786272,0.3069672653990882,0.018476582360561312,0.8817852653327083,0.22080833450345205,0.1292328822960789,0.22610674870368594,1.0,0.46430026021925486,0.017772427054767462,0.4490838004845783,0.9988471686919436,0.6063765416319473,0.0,0.5617390973101901,0.6832026825757043,0.6761146122844209,0.23693600463829192,0.7081313584411661,0.7164368177914593,1.0,0.20575056941465417,0.9842204055363657
0.5001488912841978,0.047443217185523225,0.6183697505337019,0.005666606742083964,0.4146984007817841,0.0,0.7185765993230687,0.016959752859578424,0.29981501306468583,0.01934579519456855,0.8799739649958687,0.22592622767470286,0.12155623372156904,0.2301966065002308,1.0,0.47136710189448977,0.015224264875497598,0.45653376152103975,0.9936694990961668,0.6159758565973901,0.0,0.5680112621064468,0.6850818272944986,0.6887222566921697,0.2330189228239852,0.7265245633019254,0.7117511921788037,0.9895329995166282,0.19500419936333238,1.0
0.4968475651892468,0.04699206446905886,0.6175864083829666,0.005943969697157176,0.4084937148397998,0.0,0.7205842247935942,0.016661696189249526,0.2913155730440546,0.01983796888605595,0.878605785023575,0.22119144128756063,0.11505314437674118,0.22547309220263317,1.0,0.46120600742538365,0.009071831053520886,0.447446283346973,0.9993660806488073,0.6029571919665057,0.0,0.5572785817190772,0.6857244258189668,0.6779899165850962,0.21468145418524867,0.7021914859005818,0.7126673390216244,1.0,0.1853587959393766,0.9766140559142054
0.49309685402628894,0.04634687523595262,0.6151554372909148,0.0056054762418327195,0.4036091548103233,0.0,0.7177612272307677,0.01580568627073438,0.2849922550267815,0.019433785186818226,0.8828560946856505,0.21930696303789896,0.1026067382486255,0.2226491333927998,1.0,0.457133810780575,0.0,0.4440957604580137,0.9910918583356749,0.5965592082247908,0.0012882097312195528,0.5556944378038178,0.6830425592848776,0.6637251875234872,0.20961051333037656,0.7323303018181088,0.7166385651167058,1.0,0.18018015699116258,0.9721529974443023
0.4940178963416202,0.04615328824578638,0.6171983144212642,0.005605745934302902,0.40501340234972427,0.0,0.7187701688639189,0.015821359407076213,0.28789065134309233,0.020232289774160542,0.8899531263076329,0.2202470555740203,0.10290017260417254,0.22382196196445958,1.0,0.45849854853108885,0.0041863215052664335,0.4454833957794585,0.98277045811742,0.5961577589115111,0.0,0.5549757045946707,0.682391395195846,0.6734826317956729,0.22190713391760009,0.7029401856907745,0.719160173584601,1.0,0.17946053680358093,0.9750495926788517
0.5042614791906423,0.04610493053892054,0.6238405938618482,0.005231888174621579,0.4168243103052171,0.0,0.7240318596049031,0.01569430100193771,0.30224054913248094,0.020171179815163105,0.8876908649541432,0.22237100973489202,0.11962654687958334,0.22520598998454958,1.0,0.4619023247067117,0.02758461150768978,0.4487518647525872,0.9582201739516623,0.6059475081145916,0.0,0.5676489042301467,0.6958982004114147,0.6800548157630987,0.237556928586968,0.7178232823223418,0.7251310149141172,1.0,0.19776899030607564,0.9801958802875743
0.5063942647027916,0.046153529126279125,0.6265267339566063,0.004988128137513883,0.4185344152152345,0.0,0.7267204415074231,0.015174169206030137,0.3041402760858038,0.02043423047215405,0.8944247290129534,0.22282107636434315,0.12754289381149456,0.2258469405117995,1.0,0.4633495088450418,0.026939875634484654,0.44949425630771433,0.9850607607457674,0.5943387403478088,0.0,0.5690996291378725,0.7068101466468055,0.6781594079105703,0.24397054985435335,0.6971842322076067,0.7303755042555269,1.0,0.20166616162408918,0.9822110366150988
0.5052838065031792,0.046183297296245,0.6226127731477261,0.004965780535017018,0.4168473605878599,0.0,0.7216583064257956,0.01501087783243281,0.3002734127379544,0.01980861386015958,0.8933181499203906,0.22204448795910187,0.12597868880611116,0.2251107284519744,1.0,0.46099457462917276,0.02456991224927231,0.44818970297207616,0.9941273371396103,0.5849284333783984,0.0,0.5632540680751784,0.6970795162791485,0.6679940422068882,0.22247626553764557,0.741549834848352,0.7253813255681324,1.0,0.19884065260761088,0.97916531269497
0.5054936658547525,0.0457077969047858,0.5832319912832972,0.0038959917751223956,0.4190483193225086,0.0,0.7212208094010184,0.014951057452872734,0.3033238317120568,0.019492869271649765,0.8796976210534331,0.22238937803580247,0.12170322154547485,0.22518610281298965,1.0,0.46254163227419953,0.019129017904278258,0.449257899244922,0.9518354544404303,0.5870725829834811,0.0,0.5592007575045225,0.6854423448014374,0.7822090975930681,0.2771390521082831,0.6995917339729102,0.7333900979647812,1.0,0.19971302809783847,0.9806371354140324
0.4985292257433823,0.045671138879456084,0.5754225727164985,0.004138778463068046,0.41312104745230344,0.0,0.7123077851202251,0.014527425502901306,0.2985188467074779,0.019114495267549856,0.8873358247344102,0.22174388180011764,0.12587941246872497,0.22377988850727776,1.0,0.45780878473674624,0.014092006261153443,0.4479283757211846,0.9380418262173151,0.5784077359527414,0.0,0.554994913392395,0.6819600030877632,0.7752987374560186,0.25340896190828954,0.7003894436930498,0.7169155581099517,1.0,0.18663050437573664,0.9774358135739836
0.49684853264797374,0.0448166549495309,0.5725322175936077,0.004383469256174012,0.4134981972764259,0.0,0.7039128033975656,0.01402947079885111,0.30026525717232255,0.018050813470111386,0.8761236570927429,0.22157855909184002,0.1282306410225179,0.22129946220447783,1.0,0.4519272282515662,0.00960374085442595,0.4447916077929728,0.9672799580988576,0.545619207590915,0.0,0.5451759488203102,0.6612548163982883,0.7720701163161215,0.2548420282264286,0.6903842908788096,0.7181015118110876,1.0,0.18716465382835162,0.9728294734553677
0.498768636137315,0.04448262957836032,0.5730751531572408,0.003577287311080604,0.4174378100438188,0.0,0.7009178265050265,0.013860760369620296,0.3054670966966885,0.016440726399203694,0.861844250962926,0.22236185847866918,0.12231121610894982,0.22047223709494598,1.0,0.44999122109780515,0.004130318556139595,0.44394346658359046,0.9953629631762387,0.5205361453319443,0.0,0.5435214008468452,0.6670581746824045,0.7471206150604713,0.26975779288762664,0.7019077762077368,0.7088907896167309,1.0,0.19601111081877642,0.9737537147510794
0.49829824413239987,0.0452139429272076,0.5704370595860084,0.003981968738834236,0.4194405354523182,0.0,0.6879520381690546,0.014145563088512824,0.3135856744585031,0.01668336318484877,0.848490944528476,0.22153613294505434,0.13104765628113607,0.2194083936818832,1.0,0.45409490330288826,0.0,0.44148795847543587,0.9699102233929695,0.5109514536570919,0.017705876045464312,0.5370124816461967,0.6565927353160543,0.7657142829186546,0.2534332838633643,0.7049643969784604,0.6900124829432988,1.0,0.20184814933604595,0.9768215471896659
0.5026787047405747,0.045133372162967846,0.5757386151549087,0.004583241460455775,0.4272664706980217,0.0,0.6879094344904815,0.014049913614511102,0.326933673945502,0.017085765977227187,0.8476409107876072,0.22050777060571233,0.13882885405001874,0.21984579529296525,1.0,0.44673712510074226,0.0,0.44168127774753957,0.918547965658828,0.4674079910733632,0.04597797685703625,0.5292568394985144,0.638605939716312,0.745144955640731,0.2575753546099292,0.719451875283284,0.6857196015304219,1.0,0.21153123833519957,0.9801364887998673
0.5206392104094906,0.04446257643109959,0.5947146125132399,0.004202713623537925,0.44317973364095764,0.0,0.7112482666739172,0.01420051366530137,0.343251815309928,0.01746991497811674,0.8719007464744868,0.22016723445074077,0.14607194085385028,0.22008527789529464,1.0,0.46330839638367105,0.0,0.4375587699526111,0.9826476828254591,0.4571210854123356,0.04748034138999238,0.5203698438155068,0.667035880903653,0.7608136917286779,0.2526339610687749,0.7484080975148868,0.6985777554141098,1.0,0.2224566634344095,0.9776685562932886
0.5153886509758163,0.042248963998842884,0.5837880733444715,0.0023871132580529134,0.43333682623461667,0.0,0.6953334723577211,0.013779302291828948,0.3423787948845019,0.014117575471753106,0.8210633936221927,0.22675091925468427,0.14555576728147487,0.21978007649369732,1.0,0.5120841402062418,0.0,0.4456734428402777,0.9691843107174316,0.4347177601754563,0.03311028334346043,0.5196633080140566,0.634086082379212,0.7594465887087783,0.2564984967267596,0.7545616125933903,0.6821628136968303,1.0,0.2182660984419469,0.9843345159461266
0.5097510854547371,0.04185047409233156,0.5763309112265227,0.002596208404613672,0.43178236759529537,0.0,0.6848949001634533,0.015187186780617349,0.3403238447349828,0.014125882279095078,0.7929721872051254,0.230729813364003,0.14312366202137874,0.221135876938606,1.0,0.5171621239002863,0.0,0.44654351001886416,0.9986477115979109,0.4401439256154562,0.031027217598309627,0.5177005083861751,0.6243236017791771,0.7557547090899797,0.25125367227926193,0.7555882451137312,0.6652341080146289,1.0,0.21831238742690157,0.9870048742629489
0.5073935433716359,0.04169572975583941,0.5728079660841491,0.0025128401038020005,0.43133781715821207,0.0,0.6799882441413289,0.01584010402087248,0.3398823796100524,0.015261267961207975,0.7617925543432557,0.2330822727448812,0.14324312930098104,0.21861197312458536,1.0,0.509888089141738,0.0,0.4372070391367371,0.9582015875927351,0.4365911059177519,0.034861881904166635,0.4951662073111826,0.617993968445474,0.7516831057785555,0.2523558621584737,0.7516768682030945,0.6523636317083277,1.0,0.21797339679642927,0.9795062816762138
0.505890255826672,0.042207189022390054,0.5707862623673496,0.0032617368841305304,0.430146668066136,0.0,0.642342269681418,0.0186295519861029,0.3367143038652974,0.01684292144700758,0.7517220653957274,0.22885072677206456,0.1352314924787732,0.22046593769439468,1.0,0.5147178550095932,0.0,0.43169330359594577,0.9531157158561714,0.4205561288627672,0.019663464459924503,0.48677545711706166,0.6088292518547571,0.7499659018029966,0.2452244767181707,0.7589050774638214,0.6508711144010915,1.0,0.21406024715364524,0.9842756801036651
0.5185894557335629,0.041939866768777305,0.5832790579461354,0.0031242368166105156,0.441784779000313,0.0,0.6562610938124487,0.019065835159153572,0.3453950584125878,0.0167473126669182,0.7975371862629154,0.2253823091826008,0.14489962691680577,0.22053705631150347,1.0,0.4976747936854084,0.0,0.4264907215450859,0.9506505695015458,0.40913880940444913,0.006301369647766736,0.48247714569248656,0.6260579772248765,0.753165731077035,0.24589460896412033,0.7553822502558403,0.6672874805733771,1.0,0.21830928137741218,0.9815051815173379
0.5083255932041778,0.04196944128159262,0.5819773102671824,0.00284270007621904,0.4290567053072938,0.0,0.6457868897273369,0.020115482521634115,0.3326987220123838,0.017405803025540546,0.7817221294765635,0.2239109356716246,0.132884938082364,0.22072549173005748,1.0,0.4958427106511912,0.0,0.4411464406570134,0.9587955611633273,0.40047258375617045,0.017276285354044983,0.4845544333849303,0.6157358241261467,0.7557448126414146,0.20538282667478394,0.723725217846476,0.6527659156193429,1.0,0.20577668430759305,0.9796624977138795
0.5194362481415256,0.042079446926944486,0.5895541098832774,0.0028508456932191447,0.4463182112653488,0.0,0.6496202138130491,0.0205988075571946,0.3573970872323809,0.018251406473516286,0.747985288708301,0.22491909684903288,0.16408935156079898,0.2206798414871489,1.0,0.5042976154849296,0.0,0.4399144116918159,0.972654968680748,0.39485778112087627,0.04653933843902516,0.47567036763934994,0.6152790679228791,0.7501968768670064,0.2466287687836994,0.7125420100250813,0.6549533498318125,1.0,0.2391595251035769,0.9800989255852306
0.5149118394013161,0.04165948544995093,0.5841467378392317,0.002690186419084132,0.44249977743208774,0.0,0.6442926475677937,0.019954415960922633,0.35464545326679653,0.018150255061320144,0.7387085371783235,0.22522005790160998,0.1607349113442207,0.21941168046887677,1.0,0.499184705896651,0.0,0.4434722760445295,0.9677626841321458,0.3901827404523531,0.051483092477099215,0.4711503233865359,0.6141857675590278,0.740203549327747,0.2607756320533614,0.7435716861067269,0.6483788363991514,1.0,0.24033299320390858,0.9804161932773263
0.5075694195241126,0.04168291003634822,0.5768671900146483,0.0026997503436137567,0.43591683523783037,0.0,0.637044259069857,0.019804952981480634,0.3489078521526544,0.018347373697422748,0.7371922333164973,0.22662614795042188,0.15927579811127468,0.22012134335945496,1.0,0.49832559389624326,0.0,0.4576975185114397,0.9610972491034984,0.3900112129038039,0.052121580498578506,0.46663908772107104,0.6130827470810647,0.7522133222348265,0.2625970352205179,0.7463085834121154,0.6417935957804966,1.0,0.23496484587399138,0.9836780801561938
0.49628065458341886,0.041528255142668655,0.5700397956990098,0.00228020196983266,0.42196377029486587,0.0,0.6341666788197531,0.019845746398485624,0.3296908956164171,0.018265550641304116,0.7422094355672488,0.22469963641460178,0.12897950032223296,0.22145924262354613,1.0,0.49507125110236166,0.0,0.4438733582055056,0.9814539819021803,0.39192128346243277,0.032746315137806556,0.46319218076720037,0.6131378686573832,0.7244604246722632,0.24511877313423502,0.7279618814100863,0.6438086221750893,1.0,0.20573520291219863,0.9858283561297783
0.489656548921966,0.041786345887649595,0.5616417444379421,0.002183749287476234,0.4169874978514071,0.0,0.627269712674188,0.019208468590674953,0.3275292170603598,0.017644564524378716,0.7304619295417994,0.22521397563266796,0.13951305225356167,0.22263824033873222,1.0,0.5030290215028358,0.0,0.4501489192297485,0.9711970123313475,0.39134447737393174,0.04731956654814184,0.45734983106235855,0.5998525809951608,0.7576471693363883,0.24159538915770598,0.7278640379373637,0.6255881059982628,1.0,0.2079544548289178,0.9855650871423397
0.5151942824320834,0.042092323243600446,0.5846131882382838,0.0023367303526134805,0.4447135330774871,0.0,0.6493185776037939,0.019565917702104665,0.36102420695509596,0.018082270670460827,0.7484122257164116,0.22529556164493045,0.18365952546032965,0.22158748695496622,1.0,0.5062626865406209,0.0,0.47558017432605626,0.9736402434129723,0.39168111479799866,0.08095756410677661,0.4483060982833002,0.6202304903404678,0.7659716139845726,0.2780293631143086,0.7481319522626825,0.6569147310100324,1.0,0.25378643094543996,0.984648122890105
0.523401926529899,0.042310531105233556,0.5926646682532569,0.0018549895832080067,0.4507318769903486,0.0,0.6590754542665754,0.017618166405055743,0.36818489864456494,0.017420056729862136,0.7775874676941662,0.22544105372420295,0.1862358795058165,0.22145167084598236,1.0,0.5022012566808226,0.0,0.47642967664296526,0.9564962281110876,0.4076685163572455,0.08161502021605586,0.444723357846071,0.6393711666605579,0.7579742227737816,0.27527337806046204,0.7331200648510432,0.6662425210465112,1.0,0.2614209767454706,0.9834816876411768
0.520292272642535,0.0423288920558663,0.5926470953986517,0.00047360299804574766,0.4416236063114446,0.0,0.6631237111881796,0.01462729576356893,0.3586300127062622,0.016856421412824906,0.7779709994367692,0.22955685445517018,0.16675521946089633,0.22169806246197105,1.0,0.5161104187639142,0.0,0.4815223110347761,0.9648969973999814,0.4159392883381889,0.04428813567902133,0.4269861079212384,0.6370050021690665,0.7582938176837276,0.2593688599513716,0.7290044141708285,0.6691391017665294,1.0,0.25109702385577065,0.9891558733419687
0.5330505307032194,0.047769521093047225,0.6005779533134067,0.0,0.4528336043999443,0.0003319489875968586,0.6982233513711548,0.01407517109934679,0.3752866493171151,0.01718394122242946,0.8047356179808699,0.2348518854848389,0.19132696367063173,0.21222760342878338,1.0,0.5174070068680875,0.0,0.4727048551785487,0.9722432944434082,0.42057644941538125,0.06476940440185548,0.4131401754867495,0.65451618233844,0.7613861819758169,0.28155837585090165,0.7033253063467441,0.6730472815546177,1.0,0.27467696687575666,0.9921395889123258
0.5381080779028258,0.04768871487633009,0.596532035117596,0.0,0.46581832838748755,0.0009549898992298674,0.6726087632329082,0.012016965399410107,0.39788394023245793,0.017911011024737362,0.7985854858244726,0.2326152317533646,0.26138185983495343,0.21938959523048493,1.0,0.521289448681724,0.0,0.46711002576030525,0.942700061196009,0.4427544830538247,0.1061879708587234,0.3798490200682641,0.6523431312494806,0.7524380377284267,0.3127592344658926,0.7039474107601215,0.676214021405856,1.0,0.3102664333714988,0.9981203827418222
0.5601477637344057,0.04594488492443011,0.619915659159179,0.0,0.489363485808644,0.0014507772358706024,0.7308274317718226,0.011219293222686706,0.4165308410747874,0.016040603932976644,0.8448326624677615,0.22728328767027975,0.3089239227559455,0.2014444607641104,1.0,0.51148146485177,0.0,0.4467561655994077,0.9614950568754552,0.45481080862471274,0.11845372035163113,0.345609937973552,0.6833201135131147,0.7510481701094338,0.34139440084187683,0.7002692817367102,0.7118308927046342,1.0,0.33533202505478377,0.9838122201006657
0.5196064322506598,0.04363261644841712,0.6157842888540248,0.000580858959240733,0.4468366507452155,0.0,0.7044240206948552,0.009836129443520893,0.3689977981168813,0.012714929194216733,0.8477986144153744,0.2169134186087064,0.23930250625635904,0.20320911366867145,0.0,0.4358101946152514,1.0,0.47084445117809864,0.9398777520997816,0.46263835193956876,0.9102514623493396,0.4731944387096396,0.657954967483197,0.7439309057715039,0.3040370567759292,0.7002801366339366,0.6935635443737924,1.0,0.2917728920037266,0.9709523377574958
0.5195965622367946,0.04321599527770953,0.6130309155686001,0.0007462816343937238,0.45107883409139254,0.0,0.6992974175106602,0.010210775728397101,0.37531063783614743,0.013985591295124498,0.8434533830257606,0.21824866408994942,0.2674071160122344,0.20852204359084522,1.0,0.47720155455988034,0.0,0.43047360262033074,0.941273436176882,0.48768400632022524,0.1151056163485802,0.27841511137293007,0.6602175429230476,0.7383468440206002,0.3240116368899229,0.6969464986767935,0.6970419088526136,1.0,0.307607318706839,0.979122996453697
0.5127976308829745,0.04324339766735404,0.607532896773191,0.00033367853330340124,0.4814983964142651,0.0,0.6950382929632044,0.011320571253091114,0.3762293371531321,0.015153954022793287,0.8361386688619031,0.21718978104269127,0.2901382244577266,0.21400297334459542,1.0,0.4876119368849184,0.0,0.4284813551727322,0.9475164406997153,0.49103667943439006,0.08383567950587502,0.2711675674775235,0.6775307567456987,0.711621657866559,0.3147382914463266,0.7016107049955386,0.695976502334147,1.0,0.3067414760696141,0.9792178964773949
0.5333635591056094,0.04371540645237868,0.6347917653895674,0.00044393949228181527,0.4982154717263302,0.0,0.728916890615999,0.012243772904788088,0.38741657857546313,0.014908395356519388,0.887193189047669,0.2162247031892058,0.3192198358888135,0.21001310904018428,1.0,0.416542947881416,0.0,0.4360976927492502,0.9717627267332126,0.48348175253197023,0.1066328463988584,0.2732095396319816,0.7001042117378119,0.7439192101846405,0.32668931654037286,0.7094412327397888,0.7338696737675942,1.0,0.3117363693018189,0.9890673227382619
0.5073312801514805,0.04425931092911423,0.596528334428231,0.0008121335440005787,0.47537507788485145,0.0,0.6808411632461593,0.01268055654371877,0.3764820874383025,0.014650398421940665,0.8140530058341591,0.21745468538541046,0.2998263658338692,0.2174544668055305,1.0,0.4998327317468587,0.0,0.43921484795638194,0.9045717661627397,0.4466856350286499,0.11799255299961996,0.2890038036177811,0.6615976476646387,0.748578820942969,0.3143351870425443,0.697815611040601,0.6793687517804524,1.0,0.307328266043203,0.9857689197552825
0.5062275438811856,0.04435719835520662,0.5969257467793699,0.0009451583455061609,0.47401171350068694,0.0,0.6797497348547208,0.01252358814691486,0.373981700408105,0.013436426351603973,0.8113188764180543,0.21690213864676447,0.268521875436086,0.21099962491626048,1.0,0.5024771412511697,0.0,0.45902729381019086,0.9429942834885227,0.42921149748677984,0.093325805205647,0.34043240562182786,0.6491847727058823,0.737595026495519,0.3122674145809508,0.6996452549026128,0.6767554375398309,1.0,0.30061879905953054,0.9902557793446368
0.5013516443052014,0.04429273112984428,0.5920000534731776,0.0012250238406724654,0.43503961654144857,0.0,0.6757388501690541,0.011562215852450094,0.36538022771393097,0.012257823949860143,0.8066164477708221,0.22050622218657168,0.2226771765403991,0.21737182059545027,1.0,0.5041785584996535,0.0,0.48420441665076924,0.9423619002811033,0.4105692048133058,0.07359944419819507,0.38518935667201754,0.6460275165390246,0.7107917618905182,0.3005728314157314,0.7057440380665174,0.668636993642179,1.0,0.2927301319460636,0.9948623530101034
0.48628200509029584,0.04728239901305141,0.5754838377240931,0.004421322293399506,0.42509540076877683,0.0,0.6567941800408124,0.012820917484074348,0.3463541796190415,0.014933596023120714,0.7594322965398682,0.22039402146071124,0.24134012092486365,0.2291952971433092,1.0,0.4924793425395946,0.0,0.4995635057298411,0.9537854623174674,0.38715168869960176,0.0255971090398806,0.42488282850049786,0.6284041327965173,0.7279692131623404,0.2853967639438512,0.707169633219219,0.6426683407517905,1.0,0.2719582916453377,0.994741797444184
0.46483936203353093,0.044295864767382814,0.5542551146194994,0.0019199566606851845,0.3924104485361173,0.0,0.63784031920942,0.009978333085300349,0.31815251687909263,0.011721658779801471,0.7250798589013758,0.21981460440779832,0.18182979952768366,0.21922069649758905,1.0,0.4862319727391498,0.0,0.4818451068203196,0.9626337450252043,0.3553153496313981,0.0274219068876568,0.3908673233206249,0.5998661393117586,0.7128179062549249,0.2521597116340566,0.7361642413461387,0.6236671248636463,1.0,0.23701587308115032,0.9901668114912596
0.453182718751419,0.04449086350814204,0.5119548022315101,0.0,0.37605029750188823,0.0002777530639103603,0.625909399787246,0.010903880337677268,0.30375328909574106,0.015187393689383412,0.7164717328734197,0.22322679937688666,0.14445683381645613,0.21907406440000443,1.0,0.4898529953889093,0.04667476161446074,0.405019940545252,0.9512455190550424,0.34439159108226547,0.0,0.4530426711664237,0.5916139647476324,0.7109768268900324,0.22263743360855723,0.7528333736090833,0.6167259870635701,1.0,0.21236367243588664,0.9872934149821562
0.44424189079221194,0.044564074095114446,0.5063528674826442,0.0,0.36519795396680826,0.000159515972910981,0.6205051932229835,0.009892601281443151,0.2929935030951534,0.015073819699293726,0.7005452554113549,0.22797479218880737,0.1234522636967505,0.21921801389366533,1.0,0.4919717485229038,0.018743487445860907,0.3933296983259975,0.9351765857630192,0.34812731298504274,0.0,0.45097037188686545,0.5848641960798844,0.731500867484909,0.21236515526440075,0.7527609057022316,0.6150078203878554,1.0,0.19208015929489186,0.9867746856945806
0.4687434330670727,0.04472986142937228,0.5287942411200804,0.0019488795057415289,0.39073917846051287,0.0,0.6422983116280078,0.009921986201472964,0.3160241879718354,0.013821258830963499,0.7209954321352219,0.22419597093049837,0.16133601196403408,0.2189182326214567,1.0,0.49627211020944423,0.013827629797459889,0.4727602836101837,0.9802139136305359,0.3725827692423024,0.0,0.4273702920872702,0.6106947306586821,0.728805887214488,0.2464134575307963,0.7540237539504397,0.6350288192278212,1.0,0.2285466456278292,0.9876434830750125
0.5071889638484341,0.04514459956912093,0.56587085804343,0.0016669160255738543,0.4332512997518527,0.0,0.6769460873501598,0.009796854274545361,0.3578304414884251,0.011905130101415997,0.7787940991895179,0.2199067969627976,0.22666747298401987,0.22387936303862757,0.996957277561549,0.5069293543447629,0.0,0.4897078522700932,1.0,0.40282466994188393,0.07895463615594549,0.429386092942276,0.6402711313727338,0.7321544358217386,0.2992974294950683,0.6943289664377483,0.6690853117526793,1.0,0.288748281331492,0.9807882531955008
0.47302934417495573,0.044720484890913056,0.5687165508575408,0.0015484661014064593,0.39555697762398434,0.0,0.6558460646802519,0.009530684133272368,0.3151041545334264,0.011747160177389705,0.756567444165605,0.21601038329184202,0.18048042051232827,0.214853288340082,1.0,0.508265751080566,0.0,0.47494977643340397,0.9530635792805014,0.4398854836996182,0.018681515025858946,0.38650651944155656,0.6321946299773012,0.7070472266825281,0.24846510334730612,0.7003479644818806,0.657627924126702,1.0,0.2504487154413263,0.9746491163165697
0.5094567811452787,0.044775495386584506,0.6037053405309392,0.0015637696012600483,0.43508537763974664,0.0,0.6897958845776416,0.010335509820287792,0.3566770487269082,0.012253645691934406,0.8077661037089492,0.21756894846427385,0.20768535671005647,0.21013988149443205,1.0,0.49151303986169653,0.0,0.4728696248835732,0.9388260821297169,0.42511718502889945,0.06881007070456854,0.3604685133080684,0.6612191098683489,0.7306064327807382,0.3055783567476281,0.7045652120151699,0.6879274958177767,1.0,0.29751745432137605,0.9871613821650855
0.5272622287856511,0.046370002054032716,0.6259314513919069,0.002743143549409781,0.4897298138240831,0.0,0.7123969183723406,0.013196425296065812,0.3753705414728098,0.013219974540985543,0.8498163961338107,0.21746793407585363,0.24278811608925716,0.21396456484389004,1.0,0.420445883106989,0.0,0.4704179304005776,0.944182827935407,0.4916118661265271,0.06703785187144755,0.339213188676303,0.7068974334298428,0.7140119243813686,0.3158127831791326,0.707016177396984,0.7080403993238441,1.0,0.31314330940952023,0.9920958072314318
0.5027940277386177,0.046182226952054053,0.5985287725102265,0.002746948098513616,0.46796502145187474,0.0,0.6818002525595495,0.012812309490164877,0.3604757102360098,0.013270964671327627,0.8211397048958491,0.21971548842757363,0.22139385377883672,0.21363701335198634,1.0,0.492506356200974,0.0,0.468589222913686,0.9481796764282019,0.5016998322632479,0.048986665697930074,0.33620135061562206,0.6776585938154698,0.7164110237580079,0.2977670070042137,0.6947087600166326,0.6829324979080655,1.0,0.2995524271600178,0.9921743405056065
0.5270113389524655,0.04560756470942902,0.6265267423898768,0.003022374404138629,0.49090306816341317,0.0,0.7099096590078093,0.013778148393220817,0.37987507347276933,0.01295344703793263,0.8433593458954697,0.21554485799770903,0.23940469066716993,0.21210053955158267,1.0,0.4257920470189645,0.0,0.47172502083345286,0.9431545242987105,0.4611390849242329,0.05028445557128974,0.3389437295884774,0.70426724750044,0.7113262101919793,0.3250981918852949,0.6950987200921399,0.7100851021104329,0.9917436937295202,0.739035124494553,1.0
0.5005793583387833,0.04655787781644567,0.5999521075145784,0.0032490206902653102,0.46537294407219615,0.0,0.6853217421861789,0.01412138335534027,0.35175708487866203,0.013821918478704003,0.8205198189809051,0.22212106717807859,0.20588736395367596,0.2202840905909937,1.0,0.5197925912638959,0.0,0.48745238009584324,0.9301358240268881,0.4561060431042067,0.04097035804857099,0.37743732675451086,0.6750313614750375,0.7150118735537067,0.28613275856664566,0.7370732195919262,0.6881355856306338,1.0,0.28099998912503665,0.9982541516419183
0.5085493998566958,0.04581893190681877,0.6028736840090176,0.0030033447306457937,0.4396278096215164,0.0,0.6805461801695778,0.011753366186464517,0.364650513507221,0.012357307749576373,0.7748153395580217,0.22083074884580134,0.2560139363421231,0.22746808044457395,1.0,0.5032166314616184,0.0,0.49684099866007886,0.9447886401292046,0.44299760438355984,0.07742774220894152,0.407262782879249,0.6648414356212416,0.713759339431107,0.31393342552198394,0.7373472791409887,0.6760076080192299,1.0,0.2943793688254628,0.9933877658355204
0.4802031852638898,0.046087008602290314,0.5434565092718051,0.003337266200038501,0.40673495423396727,0.0,0.6503571358944117,0.011091469041934286,0.3281736883490761,0.011168276438970294,0.7771324583036838,0.21821285521451883,0.18389828064634575,0.22817156025230745,1.0,0.5006642499376268,0.0,0.4854405208243538,0.9504808520247854,0.4204094472711416,0.03690505782084145,0.39967194756445523,0.6321866846351554,0.7262614219218815,0.2704048352455314,0.7555545857512302,0.6504180597931513,1.0,0.2595158052839703,0.9903208860483634
0.46714323971397015,0.047307201349446555,0.5302898338863357,0.003786584159808331,0.39188740698154845,0.0,0.6358416427018624,0.011829646658775842,0.311792854004487,0.01085734884470601,0.7351043538757058,0.21976894120861723,0.15634920927406187,0.22533975031845313,1.0,0.4976184661296682,0.013253222708274792,0.4750074562459007,0.9362726611231293,0.3929834493665093,0.0,0.4252101143305921,0.608953459756122,0.7303600473806476,0.253713879276351,0.721713815887876,0.6482131530639531,0.98804835219198,0.23973618445917763,1.0
0.4487487966766521,0.04708988565979612,0.5113849515625042,0.003938568395112272,0.3730196135887661,0.0,0.613776157674466,0.011460792306830371,0.29219088932703535,0.01138962887682101,0.7161021005062611,0.21960176813036356,0.13419000579376042,0.22058451947955723,1.0,0.48612221317554877,0.016038172846711402,0.4311756601449416,0.9324242748642473,0.35943470204513067,0.0,0.4690652953379623,0.5861869913385004,0.7196258409348547,0.24554413689868487,0.7470120059584371,0.20094331241603047,1.0,0.21751016842378354,0.983308462669054
0.45646322106360987,0.047118155766773404,0.5224644249138133,0.0035711989519588145,0.3782764743830374,0.0,0.6285986620452031,0.012090564379732893,0.2930744314369622,0.011385103171389764,0.7429986244434099,0.227662228541329,0.12911441637083826,0.22190248491567693,1.0,0.48696133495621163,0.03666566522251218,0.4381840547878484,0.9774071658092993,0.37122125176562,0.0,0.49956417652800955,0.5886392406470303,0.7153168782401561,0.23779196172747205,0.7543300010884889,0.6278575298543629,1.0,0.20257542642360163,0.9882867214091313
0.4471293686043066,0.04730268259077243,0.5089691916327566,0.0036410214930801404,0.37271831583985765,0.0,0.6016563672787035,0.013895502239675998,0.2920302169721473,0.01113955719680701,0.7168228704038975,0.22755933886325982,0.13609954439226454,0.22399097435668594,1.0,0.49814489002437706,0.037015259717254806,0.43839156119084943,0.9434609852115147,0.37623382998544075,0.0,0.4976014548132116,0.5659454639715512,0.7231858624286679,0.23149334728121126,0.7619705801960206,0.6205425260778579,0.9962929038808036,0.20550573701348582,1.0
0.4515986009212857,0.04922360405510734,0.5152075290986536,0.005730490080983473,0.3864988843370186,0.0,0.6178679499817926,0.014237977650325173,0.2990583871215469,0.012789151798356657,0.7204882023433122,0.22714733225587905,0.13424906770075484,0.22407925995552622,1.0,0.5042216297007321,0.0,0.4322927692095792,0.950168773557902,0.3791599964344311,0.012436862318395492,0.49128248214199177,0.5842712818038316,0.7495971946473777,0.21695747023709838,0.7176570979885827,0.6313965461749296,0.9923071095064626,0.21738161744774878,1.0
0.49431833714161977,0.04673833286183919,0.559193537841944,0.002416181404315887,0.42298538555510634,0.0,0.6573758194191329,0.011437506950118024,0.33947222272172445,0.010347287493811206,0.7593141737175317,0.2156574463719592,0.18334262407663804,0.21767528524937962,0.009907712411805934,0.4437365708562036,0.0,0.41927678535872126,1.0,0.411825790322294,0.04679967241424641,0.4340278054327979,0.622625702301717,0.7511196459287778,0.2733831793924904,0.7328141890853763,0.6692400449157112,1.0,0.24995512274747114,0.9861826348398687
0.48493221523183655,0.04666758464901212,0.5476059729703882,0.001999441755552592,0.4149512100428123,0.0,0.6457823373789674,0.008939034863329353,0.3340419069217789,0.009004280269858046,0.7419420988556913,0.21745559536516285,0.19402001851254455,0.22060863554846405,0.9826197682203479,0.5106627643857493,0.0,0.46105747976736633,1.0,0.43614538642496276,0.050922162206850974,0.3992484601683695,0.6066682039751718,0.7661081120527871,0.27025346542839046,0.6952355308094855,0.6524021526101553,1.0,0.25045237801902803,0.989243095024509
0.525523123729285,0.045157655546363515,0.6195954432778961,0.002795018559562338,0.4561752036595981,0.0,0.6900110222821515,0.0076996768509028845,0.37431647685438374,0.010067472525652675,0.8087606943597969,0.21512274301517445,0.23362482327989456,0.21319596143523514,1.0,0.487113097365361,0.0,0.4702438443778817,0.9848547686225891,0.44437989776614795,0.03959430392350079,0.4030854149175531,0.6673710072353095,0.7578026470649079,0.30966016044850875,0.7253611794663728,0.6989329649488972,1.0,0.2940500847509892,0.9893084336821558
0.5552291616404299,0.0474683725768997,0.6512657362517563,0.0036853355635350265,0.5171469496138692,0.0,0.7344157133231044,0.00852800731520281,0.40660298826892416,0.012180398220690699,0.8559571881774155,0.21736367086968816,0.26678182917858256,0.21547758230430208,1.0,0.4445816265519276,0.0,0.47037930632169106,0.9803360997912606,0.4781586566210546,0.07476573766789993,0.3812115429700897,0.7118142678782333,0.7541511371889444,0.3540710651742745,0.698076406905068,0.7335973368261444,1.0,0.32986407339022455,0.989102182805524
0.518050113195418,0.04762911612253306,0.6191557413128981,0.002525298818251336,0.47604661089654904,0.0,0.7104131793695108,0.009614721152907547,0.3601462228645642,0.011467055375486614,0.8643646084464047,0.2171761118739961,0.22847328137524167,0.21135071729640026,1.0,0.41962118532905207,0.0,0.4691690444776614,0.9769793438061939,0.4880605158698708,0.03458126130261632,0.35843064171110767,0.6813357525491999,0.7485207501046649,0.2980332476441391,0.6972546975544883,0.711962554835794,1.0,0.28430196306759464,0.9868068946397178
0.48716970596726084,0.0483315690005471,0.5834343560153664,0.002030961850020733,0.4478378331307603,0.0,0.6718201340624208,0.01074458553902485,0.34017085807443476,0.012907576164926625,0.8050107953972712,0.21569964313106788,0.24461129972783258,0.2110166441668546,1.0,0.49639254513513364,0.0,0.4705083477067081,0.9539851666861061,0.49152125638494965,0.038921589686239405,0.34694616504621917,0.6502672329214494,0.7503872559389393,0.2919012090528287,0.6976329433616941,0.673469816428109,1.0,0.27113245854815493,0.9878047510411733
0.536683264513605,0.0497407966948932,0.6014330524984731,0.00222677523439206,0.47345216897432707,0.0,0.6847347798955904,0.010816348858749224,0.37008252238780326,0.013182398257208728,0.8101338058868722,0.22202485464561433,0.258687697415701,0.21240118493892024,1.0,0.45172431861372386,0.0,0.478445788122017,0.9306641948563988,0.45847993515763874,0.08331689824650107,0.3574318477589195,0.6584197862437369,0.7567769119053266,0.32137465176119007,0.7097957606755884,0.6956972758479374,1.0,0.3087866646023595,0.9932380490237278
0.48667096700927864,0.049287264567725746,0.578217110691535,0.002478444921825356,0.4476153304315398,0.0,0.6610148024204006,0.008848129737385028,0.34033371818159963,0.011946798924703126,0.7822732102125803,0.21650243504482777,0.20831057408550788,0.21761108104298105,1.0,0.4704817360282837,0.0,0.4857135946566084,0.922585034500786,0.39790496390909486,0.0590335073761447,0.3861490139373238,0.6360261969642174,0.7612188407178653,0.2856804217950639,0.725554802977645,0.6649518155306481,1.0,0.274633929498594,0.9932232877854805
0.45445722788106657,0.04907003900477262,0.547914347781281,0.0036493239057378848,0.4150481171711315,0.0,0.6265468872979618,0.00876148944933013,0.3050117280344159,0.011927694080757558,0.7565144684077998,0.2130396519680625,0.17940587539009625,0.2245632469137085,1.0,0.49952575457103415,0.0,0.49229566102187666,0.9526485486018531,0.4172789689173148,0.010349533608937606,0.4140181007063775,0.604223077766332,0.7646100249533639,0.24062804209364594,0.7478072534341159,0.6340527882667925,1.0,0.2331057181814711,0.9819282547527333
0.4530227817124546,0.04853892607715328,0.5430615616393586,0.004277599650142177,0.41404128288621506,0.0,0.6178985504358259,0.008598189837421569,0.30373062498256287,0.012380478065760986,0.7272469838941744,0.21266652309017628,0.15967176558271529,0.2215869084611969,1.0,0.4817144351510409,0.0,0.497270691496609,0.9445154103378598,0.3884724377090466,0.02876659505864819,0.4023418167993284,0.59330119607976,0.7650860799662449,0.2523599757675276,0.7212601254389704,0.6272954089827543,1.0,0.228679908171684,0.9787021857323059
0.46407416299702564,0.047691874669727886,0.5668174820849023,0.0043895079920425115,0.42007632100013836,0.0,0.6508519310455866,0.008535674685016007,0.2929449680960141,0.013183956186486417,0.781081769675537,0.21368555012325133,0.12329959805779721,0.21681931394598877,0.0,0.47022313452351977,0.03160209134228357,0.46828948133615456,1.0,0.36769923115176467,0.03192375808898093,0.41075908770867675,0.6262031291045134,0.7723352777087208,0.23371885512850563,0.7131863028798748,0.6599694377046078,1.0,0.2051002313356739,0.9855536779237852
0.4357872367054333,0.04728067464093582,0.5314397409325666,0.004113327446051673,0.3947984339253936,0.0,0.6083573441192985,0.008814462474765992,0.27703078717496493,0.012448021393942426,0.718191856487391,0.21242234830952023,0.11133690005213401,0.2174060087831996,1.0,0.4742765415394704,0.0,0.42534092508386284,0.9480102912039005,0.3452092522084486,0.02579854045396236,0.47738945826035906,0.578527461244216,0.7801521207580585,0.21828394405178164,0.7085892816860987,0.6152098100045185,1.0,0.19572918805348022,0.9863719446654446
0.44067803647008674,0.04715199049584332,0.5367108874894313,0.004635854223450465,0.3997437964254806,0.0,0.6103673392961937,0.008561281347733778,0.28171256167662007,0.012021342841906037,0.7238035374028778,0.2120570242775627,0.1231836418314716,0.21891885581161663,1.0,0.47033199577629836,0.0,0.43359452431275275,0.9717476500660231,0.3398451401404394,0.03903461363849144,0.48724286554827667,0.5806720538197728,0.7676365735377885,0.2135886083030966,0.7462981476510392,0.6164852323819562,1.0,0.19967261492677488,0.9844451241434096
0.42355209112233305,0.04705200215239361,0.518313478853186,0.005062241361390349,0.3826999702951027,0.0,0.590777244000123,0.008612819823413104,0.26672170608540674,0.012740524701279697,0.7170966023743431,0.21750650820571638,0.10238745429030897,0.22026021616527042,1.0,0.4860725604294158,0.0,0.43686974576341475,0.9328218628043471,0.34271220622924276,0.0359171130937138,0.49892700698928766,0.5550418429327951,0.7648155765437694,0.204063015354359,0.7572688289850938,0.5904546897886854,1.0,0.1844524567998608,0.9875606317678549
0.42851917836068604,0.0466685354664842,0.5262721448532063,0.0050553221331744195,0.3863988584753958,0.0,0.5995485792903809,0.008231602058957403,0.26654352505888446,0.012590946910505761,0.6999890010667487,0.21856089700627535,0.09611325987903697,0.2181697938749811,1.0,0.4862453614374958,0.025357080051333948,0.43315900877623087,0.9382140730189833,0.35182835202280127,0.0,0.4848178570546716,0.5570770746553122,0.7619414324163206,0.21242233454786044,0.7237023930044127,0.6049837623233969,1.0,0.18334546171558444,0.9863066504287583
0.45196463970563017,0.04724089912311542,0.5487029719435227,0.004639337218158112,0.4099589539730179,0.0,0.6238421720871179,0.008698195418964359,0.29075358393846534,0.013070429560539587,0.7481391499908934,0.21687650224798422,0.15495622197057884,0.21946392197435438,1.0,0.4919992894164693,0.0,0.43307639484419913,0.9766045565049375,0.38346785831149716,0.020043342492800497,0.48568709715652425,0.5821182917461851,0.7652257164393368,0.22394068255187508,0.7067102326510264,0.6270065436077743,1.0,0.20734869061854122,0.9874155458182153
0.45174316588157215,0.04695277348196193,0.5552989302415798,0.0046110178563745505,0.4066639793638505,0.0,0.634358645307364,0.009164086759172605,0.27942722937095427,0.014167980282212266,0.7729827005910755,0.2217364894446548,0.09823746554623584,0.21905414651291694,1.0,0.4979423147321246,0.0,0.40583426306354425,0.9834963367060893,0.41324377046676486,0.00251999219641407,0.4718163177897401,0.5863044820414756,0.7521572168098613,0.2228688646018313,0.7495237864426585,0.6429816751630436,1.0,0.19287110751506203,0.987464013686012
0.45943612463850914,0.047603201961740484,0.5656694544474136,0.0041429830021211984,0.41276440616138266,0.0,0.6487798995665416,0.008563089355140758,0.28254457116268905,0.013602202520480151,0.7557528952061926,0.21677530371659795,0.09574325970371814,0.2220360434528971,0.9842422046382492,0.50857731716529,0.0,0.42789476168639873,1.0,0.4501733490872818,0.0041242782513059685,0.4583430519723322,0.6268728848348541,0.7217078053766478,0.22301209149943718,0.7331775836496778,0.6640835426615875,1.0,0.1940875944008236,0.990006142087399
0.4862422926721727,0.047156539367736144,0.5885919819220978,0.004276783933515715,0.44170791527462,0.0,0.66935920769765,0.00831966680615952,0.31776364450364875,0.013923499263593738,0.8088780589868714,0.22118703891849925,0.1400829519205936,0.22247684644322246,1.0,0.514803959242347,0.0,0.4944050502105219,0.9624104862683077,0.4555775292776321,0.03598748572655306,0.42690085646022374,0.6530027352321314,0.7286279836592012,0.26047908086061244,0.7300772378323311,0.6731189150590523,1.0,0.23563252701629558,0.9826008948322459
0.5241840033902357,0.04732536661468702,0.6315681597647412,0.004312923888371382,0.4783160743007262,0.0,0.7195053663795187,0.008924369806848348,0.3504487395034273,0.013232543414048621,0.8508902685872572,0.21724933146006548,0.19298970300869464,0.21466330048486287,0.9864479028852503,0.4313552195909991,0.0755408716728045,0.42785763175339814,1.0,0.47277441248895313,0.0,0.4332868717169723,0.6696771186907229,0.7518904945299545,0.29167514865743627,0.7104861600696171,0.7402291249041377,1.0,0.2598454816973479,0.9831835627677712
0.5375615849807611,0.04762053531556552,0.6448919270780573,0.004392028923642409,0.49363753559352846,0.0,0.7344347380102126,0.010106666294504726,0.3674525655994735,0.013159938789717687,0.8805961941335729,0.21931430622071563,0.19590064434489088,0.21905677089152698,0.9789338410446132,0.4326058871266657,0.0,0.49199893889451307,1.0,0.49981089937124695,0.023206025385949965,0.4280567067157872,0.6880703864737936,0.7524633232040359,0.30050946719838206,0.7140970516422152,0.751405824979696,1.0,0.27910651922354457,0.990166933778877
0.5349609722405099,0.0478766675983508,0.6411012319327692,0.004445638003327954,0.4915498374902113,0.0,0.7317686424253343,0.010954535807762358,0.3660124694788829,0.012428743317490273,0.875708540368725,0.2194937082554071,0.18684248216088345,0.21967545304522382,1.0,0.4579983088052557,0.0,0.4896959279651068,0.9841290191431219,0.49672903638857113,0.02786690598456455,0.4313769848356795,0.6836544258795971,0.7439319370464816,0.29432393848883215,0.71618445928795,0.7344650113075396,1.0,0.2769379321178018,0.9888119345855964
0.5123248560917935,0.04813702495044529,0.6180922662827667,0.00461040715237632,0.4693431609120692,0.0,0.7078069652747445,0.011126161357312831,0.34521067029262353,0.011910634079973656,0.8537600223875598,0.2194610085071659,0.1537250189996381,0.22384632135898896,1.0,0.4720218845488852,0.0,0.49444394045808565,0.9611127995874004,0.5026675861755378,0.026434805077237458,0.4463007302205104,0.6559311911229491,0.7489677257289888,0.27540430510856573,0.7171608618211311,0.7191880309641316,1.0,0.25666693563085824,0.9948394644945571
0.5267446486324537,0.04768540409918771,0.6339167377402989,0.00613302901451938,0.4828040673667332,0.0,0.725581467105804,0.010865894074830105,0.35323736567554564,0.012224023461772386,0.8616557341641234,0.2173930006210974,0.16255758612981858,0.22415798901310058,1.0,0.450942321064569,0.0,0.49374232200667534,0.9534972349000623,0.5043417939560831,0.029152554988144164,0.4340177689564606,0.6765291194618802,0.7487255033306923,0.2681187121622706,0.7079484817471748,0.7452600894526729,1.0,0.2593993259369647,0.9896655370165349
0.5238061261728891,0.041258379766024596,0.6213387398662534,0.003163964179692325,0.455474028357784,0.0,0.701127745399464,0.004145638711597093,0.3637630443456557,0.00558114354214848,0.8232196520042016,0.20886557903748154,0.18712270258816463,0.2172834526855332,1.0,0.45508366218954815,0.0,0.484329162257235,0.9321412720067928,0.49704383139542624,0.0852280161644154,0.4409712289588809,0.6538597424186998,0.7379625389808799,0.29402247730637915,0.7052188629150342,0.7024854502369974,1.0,0.2770555319277814,0.9824631555006185
0.5028487762145049,0.04158783399747422,0.6082963300713118,0.003166403835488809,0.4275939493562032,0.0,0.6933836104483995,0.004306210223565518,0.32811528769999787,0.006444424720056454,0.8295827719758698,0.20894600359799534,0.1320730020540468,0.21645382124054086,1.0,0.44841790757908123,0.037376587317266716,0.415316695441286,0.9631490752127505,0.5004301177167789,0.0,0.46392466900289436,0.6454400407289389,0.7460531388360372,0.255832610401661,0.7208751799943095,0.7143869172270333,1.0,0.23143790614278037,0.9844727170559527
0.5209863975231694,0.04811342195282593,0.6303374470671096,0.007077955152274761,0.47745062652312453,0.0,0.7131612049999866,0.010697679188497202,0.3462577213258571,0.014483003766109729,0.8489285036274474,0.2132007588016949,0.15079016535675668,0.21973446792631507,1.0,0.449308149774125,0.0,0.43990798266837466,0.9851796636668501,0.5251411229784301,0.044398853119253213,0.4838901852553711,0.6744588102642869,0.7568573841631518,0.2770065262510239,0.7232853824151246,0.7368627319976957,1.0,0.251419371427128,0.9804117744162796
0.49302114030566324,0.04672559182320781,0.606745994336303,0.004675015676600729,0.4459146331758451,0.0,0.6939937388357469,0.009252155409233255,0.3068003540728787,0.014322705047635094,0.8373860312617458,0.21106111121712048,0.11117876150400154,0.2183998878785825,1.0,0.4481145090422019,0.0,0.4346537977072573,0.9918609761980263,0.5446779283769613,0.002743452651322629,0.49513043874961804,0.6497146725988975,0.7504883927355323,0.2478124491142669,0.7094887355480821,0.7039796469310623,1.0,0.21386944603265756,0.9752303127884873
0.49435636725241433,0.04618132375956588,0.6023750570858428,0.003729469869059016,0.4472815221111702,0.0,0.6849551512643741,0.009565113804874239,0.3132178634115738,0.01494833150539005,0.8507718864022715,0.21143271046336645,0.13279811681074394,0.21985757103990125,1.0,0.4568183928065297,0.0,0.4353760017745428,0.971510469948773,0.5479694220002219,0.01785273330352311,0.5141451044666172,0.6451627435146192,0.745137438058738,0.2511171663684059,0.7432365961094246,0.7000771791060574,1.0,0.22800443148221058,0.9750189298247777
0.5012619713415735,0.046564366111517375,0.6077773578626343,0.0034010401361334523,0.45483632152890496,0.0,0.6935796177761511,0.009526826901392116,0.31821518497382395,0.01627021670641782,0.8609612832221761,0.21245839797166624,0.13827709418239456,0.22162914568056472,0.9913264060569812,0.45157495199108844,0.009681149648251924,0.4390097794665372,1.0,0.5412954273647378,0.0,0.5317201610092464,0.665591852346766,0.7512069816233503,0.27884037966585584,0.6690803474410053,0.7103729748870291,1.0,0.23248415421931107,0.974604495410963
0.4881026888087535,0.04667412731633383,0.5993366631238599,0.003657091127096542,0.43991869046709553,0.0,0.6866870508708413,0.01040454622161246,0.2999567497189851,0.016564025989925932,0.8610256239251199,0.21243427391063424,0.11178132180125215,0.22366976837939737,1.0,0.457989626464616,0.0018024268434437345,0.44513385674923667,0.952780547626199,0.5681020555180956,0.0,0.5574618925618865,0.6679660000034839,0.7541561427396587,0.25794898109255976,0.6786104606993556,0.7054484155789603,1.0,0.22171393049744537,0.9780924566520313
0.48128968771609,0.04768468008745079,0.5945125518932324,0.003783629605286482,0.43185718881157853,0.0,0.6841874767287826,0.011453107341143154,0.31053733399864747,0.01610673875145383,0.8592024842895535,0.21437245959941698,0.09928115683597546,0.22492310999546072,1.0,0.4611696170696058,0.0,0.4514795104386154,0.9720441437585012,0.5963473987163868,0.04232600727961686,0.5812155274434543,0.6575146719486527,0.7387616563449027,0.25035258269355964,0.7259824380466672,0.7113017697523565,1.0,0.20377709276318956,0.989857782513722
0.4828256439769856,0.048736688082978014,0.5963153373745063,0.00425832725439256,0.4335955614566952,0.0,0.682242000103723,0.013134420208036695,0.3161466413098919,0.017157626280619894,0.8493690009904046,0.2142095429806226,0.11334367543328297,0.22597160188586843,1.0,0.46256037141605677,0.0,0.4534600285046245,0.9790544782954366,0.6274639044400144,0.034691224874210454,0.5972850562916108,0.6891135299742154,0.7829742595561155,0.2582117482025944,0.7570273174594196,0.7145946717541338,1.0,0.21563467211666115,0.9886818172998604
0.4753299448120293,0.04602432921820164,0.5907417322238886,0.0014322274068702982,0.4212899763333567,0.0,0.6784501458406402,0.01066693512009571,0.30461220624283863,0.014102479665426316,0.8517805125614026,0.21264948284774862,0.09790193379110648,0.2243558830530228,1.0,0.46752440999734124,0.0,0.45385709893930687,0.9722566154071066,0.6609613314347105,0.058190191070795434,0.6132669404685366,0.6558467381261224,0.7640882245231322,0.23860862450699827,0.7776400026255982,0.7288463104466013,1.0,0.1980301094077311,0.9950313646281959
0.4707743699973555,0.045309826114697194,0.5837227494466801,0.001129945958400665,0.41591763122504144,0.0,0.6724574038880046,0.01220064347720978,0.29805741253121604,0.013245120010818569,0.8645370840068695,0.21393591212587765,0.0922679529274249,0.2229720687185179,0.9928724375193572,0.46598329272183137,0.0032538089294662717,0.4547538702010753,1.0,0.6749313060473593,0.0,0.6187783065890874,0.6754894732888757,0.7581090389047082,0.24345984147938848,0.7694222528216395,0.7120094848954739,1.0,0.19319004981164992,0.9876242913733291
0.4749261851432476,0.04431458889747594,0.5889182810987754,0.0009540940749386564,0.417841564559052,0.0,0.6756287088555115,0.0120020549383568,0.29925230882741893,0.014091721274327458,0.8622902878733725,0.21239365372851673,0.08930024638457985,0.2196700907292952,1.0,0.4596749918378363,0.0,0.4511880833606495,0.9936577575374178,0.6880008953069001,0.034810405016355614,0.6358676665857074,0.6687956292519095,0.7435787258794317,0.22876470129035345,0.7522596320336542,0.7321790218816766,1.0,0.1838464452556021,0.9779756026692425
0.46930107452284736,0.0442182542406907,0.5821557717859622,0.0005114020024385194,0.4104841134079811,0.0,0.6712118659353858,0.011197452500527994,0.2901394045228672,0.014707308917986227,0.8503917717040336,0.21091591661401748,0.08322725533842208,0.21914625440059374,0.9933368087008404,0.46083276049211913,0.0,0.4465582599068217,1.0,0.7049543667881293,0.021864025915934306,0.6398828275384398,0.657537550156623,0.7438290662094367,0.21996037023896128,0.7656504057975296,0.7352371211535578,1.0,0.16783461479251208,0.972863403658826
0.47191609803379353,0.047130851023317016,0.586385299860872,0.0027412438157005847,0.4143365391570391,0.0,0.6769001950810694,0.013496809330648491,0.2895223699379842,0.016975682117489704,0.8760404806351428,0.21581686006480663,0.07766484067481363,0.22427106614564166,1.0,0.4700950901991529,0.0,0.4539106492525504,0.9981185580514685,0.725877821293824,0.026699557777630157,0.6534620855872647,0.6976157222168418,0.7724615635360602,0.2347862560450144,0.763988798327013,0.7443625773545671,1.0,0.16344245687655054,0.9890491230660475
0.47263205815034215,0.04709305496338842,0.5902507238196274,0.002334245522167741,0.41299565968911217,0.0,0.682630441887389,0.013637541391285956,0.2884842773836518,0.017876470540179355,0.891211782858777,0.21673180566359315,0.07514785787533053,0.22458386812372536,0.9959714165680401,0.4690312479507215,0.0,0.45270408716386046,1.0,0.7327316890824158,0.03048892091534808,0.6569898033421262,0.6801374454648459,0.7539809270544066,0.22101751024707958,0.7639710286942046,0.7495627994991507,1.0,0.15047435534021247,0.9895634454418857
0.4500389104441656,0.04640224327970188,0.5615621077256648,0.0012220878432684815,0.3924457736865019,0.0,0.6519400013102229,0.014069029994506837,0.27523314567563123,0.018347246901539885,0.8519882893563425,0.21710700301751862,0.06714719612343155,0.22377678498298106,1.0,0.47159296162946224,0.0,0.45218986434339903,0.9639358561460012,0.7369659304706317,0.012405246596590919,0.6533972134942045,0.6539203923482995,0.7506833869801897,0.21924872992929043,0.7577157385755017,0.7180715106867681,1.0,0.1406306133532825,0.989059855516719
0.44817713388036995,0.045475514159376326,0.5611954198652386,0.001036906277141246,0.3898212354611168,0.0,0.6584492960119789,0.012651092270712429,0.27358469185993184,0.017993916288322684,0.8603855296920625,0.21554610551015196,0.058179528143523514,0.22039750063694208,1.0,0.46375828601150604,0.0,0.4469500721596255,0.9676393205198485,0.7210251089448905,0.013766879821853973,0.6481093472694522,0.6535497217535605,0.7354673444796598,0.22284297686363244,0.7488786429486386,0.7301044197351274,1.0,0.147105874423297,0.9730325140228986
0.487691216137858,0.04188832813064822,0.5607416598301683,0.0007816865122194401,0.38947342141320085,0.0,0.6608572539182798,0.01252260651467008,0.27317988974267554,0.017786866194021353,0.8708389081217596,0.21390098411101466,0.06175277254004173,0.21961858990773728,1.0,0.4627088856898607,0.0,0.4452499795211774,0.9727191509284034,0.7156061942087928,0.013425128533324037,0.6429143205452653,0.6606279985739993,0.7348911457177932,0.23128535471761327,0.7464764402521687,0.7332552326055862,1.0,0.14253038304433902,0.9742050786665278
0.48332243340168635,0.04150181756492926,0.5552924537571745,2.4180585174789797e-06,0.3857135455007715,0.0,0.6583233864745272,0.01070289755137073,0.2714148755609037,0.01705263771060613,0.8626971048600274,0.21273856049118436,0.05724115212814448,0.21826439475669282,1.0,0.4610299712104323,0.0,0.44398879890088655,0.9716966898035169,0.7072816816472185,0.01231061368762949,0.645050527642104,0.6460918375620238,0.724720719675074,0.23153105916729888,0.7310785290857664,0.7299829198608031,1.0,0.15827975990081597,0.9757533393388128
0.47691063126077365,0.04288106424414991,0.5513886973317939,0.0,0.38136748578631513,0.001208648713817795,0.6578125231565267,0.008588176651227797,0.27080482507584647,0.01646913426030403,0.8708089106382034,0.2155031728286869,0.05775770185248217,0.2183371631283771,1.0,0.45800563903679375,0.0,0.4439480352052432,0.973435032682496,0.7067787916331075,0.05448511299851032,0.6383154835650325,0.6495518098039877,0.7247088264026703,0.23376065734295043,0.7282880652937437,0.7226226266187206,1.0,0.15000102139058924,0.9775041342853306
0.4688448684508537,0.043093439979825225,0.5461562427228754,0.0,0.3771532313889035,0.0013903752047124834,0.6555127508514568,0.0070210384593656526,0.27072724459751607,0.01558658633193537,0.866829018541183,0.21365499663648843,0.06064217334948174,0.21745742885518532,1.0,0.4576844804217746,0.0,0.444138745689396,0.9787537203053444,0.7064334471833127,0.061141005287910895,0.6361055437883546,0.6417431019504556,0.7297209553743378,0.2336883418204324,0.7319580721095257,0.7099669093526801,1.0,0.14876715540588684,0.9806832292997965
0.4673392121688562,0.04266993142697005,0.5415451750627257,0.0,0.3753024086272261,0.0011936486065868702,0.6524385515248401,0.006205600807185836,0.23490030110628723,0.014981060708029086,0.8640648207159867,0.2138441593302799,0.058072953879313674,0.216560559861535,1.0,0.4556720760098029,0.0,0.44412629423186717,0.9694602879424825,0.6984372894337966,0.025396223043035532,0.6385752488232342,0.6317778602702542,0.7411240832380508,0.2243987814032914,0.7361440793665365,0.7033929208070915,1.0,0.15868013962135946,0.9810545588639492
0.47529922030412824,0.043231124859821383,0.5540312256340852,0.0,0.38521887285162754,0.0010857375774816383,0.6670973810909844,0.0058872889669150125,0.28168750158334466,0.014449500385538057,0.8750291033825872,0.21391555438164073,0.06748875037815975,0.2167885544582975,0.9777853227268565,0.45776217375982525,0.0,0.44432782120214925,1.0,0.6960438722262676,0.03212437066657839,0.6362237736055826,0.642856290747249,0.7246657610882684,0.22962592318208241,0.7444510048244527,0.7219114659352027,1.0,0.16883969689321313,0.978063558923106
